,Company
0,A C LNG INC.
1,A Minell Pipelines Ltd. - MH to NEB re Annual Report Abandonment MH-- (Minell) (Jan -)
2,A Top Speed Energy BC Corp - Application for Filing A - A
3,A- Order GO-- - Export Gas (in the form of liquefied natural gas) - AVJ
4,ADG Group Inc.
5,AE & TLP
6,AEC Suffield Gas Pipeline Inc
7,"AECO Gas Storage Partnership by its Managing Partner, Niska Gas Storage Canada ULC"
8,AG-Energy L.P
9,"ALLETE, Inc. d/b/a Minnesota Power"
10,AOT Energy Canada Inc
11,ARB Midstream Logistics Canada ULC
12,ARC Resources General Partnership
13,ARC Resources Ltd
14,ARC Resources Ltd.
15,"ARM ENERGY MANAGEMENT, LLC"
16,ATCO Power Ltd.
17,AUX Sable Liquid Products LP
18,Abitibi Consolidated
19,Abitibi-Consolidated Company of Canada (now Resolute FP Canada Inc.)
20,"Abitibi-Consolidated Hydro Inc., on behalf of ACH Limited Partnership"
21,Access Gas Services (Ontario) Inc.
22,"Advantage Energy, Inc. (changed name to Integrys Energy Services of New York, Inc.)"
23,Alberta Limited
24,Alberta Ltd
25,Alberta Ltd.
26,Alberta Ltd. on behalf of Pembina Infrastructure and Logistics LP
27,"Alberta Ltd., for and on behalf of Suffield Processing Limited Partnership"
28,Alberta Natural Gas Company Ltd
29,Alberta Northeast Gas Limited
30,Alberta and Southern Gas Company Ltd
31,Alcoa Inc.
32,Algonquin Tinker Gen Co
33,Algonquin Tinker Gen Co.
34,Alliance Canada Marketing Ltd.
35,Alliance Canada Marketing Ltd. as the General Partner of Alliance Canada Marketing L.P.
36,Alliance Energy Services LLC
37,Alliance Pipeline Ltd
38,Alliance Pipeline Ltd as General Partner of Alliance Pipeline Limited Partnership
39,Alliance Pipeline Ltd.
40,Alpha Gas And Electric LLC
41,Alpine Capital Corp.
42,"AltaGas DCLNG General Partner Inc., on behalf of AltaGas DCLNG Lease Limited Partnership"
43,AltaGas Energy Limited Partnership by its administrator AltaGas Ltd.
44,AltaGas Extraction and Transmission Limited Partnership
45,AltaGas Holdings Inc
46,AltaGas Holdings Inc.
47,AltaGas Holdings Inc. as general partner for and on behalf of AltaGas Extraction and Transmission Limited Partnership
48,AltaGas Holdings Inc. on behalf of AltaGas Extraction
49,AltaGas Holdings Inc. on behalf of AltaGas Pipeline Partnership
50,AltaGas LPG General Partner Inc. on behalf of AltaGas LPG Limited Partnership
51,AltaGas Ltd.
52,AltaGas Suffield Pipeline Inc.
53,AltaGas Transmission Ltd.
54,Altagas Ltd
55,Altamont Gas Transmission Canada Limited
56,Altex Energy Ltd.
57,Altresco Pittsfield L.P
58,AmeriGas Propane LP
59,Amerigas Propane LP
60,Amoco Canada Petroleum Company Ltd
61,Androscoggin Energy LLC
62,Apache Canada Ltd
63,Apache Canada Ltd.
64,Aquila Canada Capital and Trade Corp.
65,Aquila Capital and Trade Ltd.
66,Aquilon Power Ltd
67,Arbutus Point Marine Ltd.
68,ArctiGas Resources Limited Partnership
69,"Associated Energy Services, LP"
70,Astra Canada Resource Marketing Inc.
71,Astra Energy Canada Inc
72,Atlantic Power Energy Services (Canada) Inc.
73,"Atlantic Trading & Marketing, Inc."
74,Aurora Liquefied Natural Gas Ltd.
75,Aurora Pipe Line Company
76,Aurora Pipeline Company Ltd
77,Aurora Pipeline Company Ltd.
78,Aux Sable Canada Ltd
79,Aux Sable Midstream LLC
80,Avista Corporation
81,"Avista Energy, Inc."
82,Avoca Energy Corp.
83,Axeon Marketing LLC
84,Axeon Specialty Products LLC
85,B - Alliance Pipeline Ltd
86,B - Enbridge Pipelines (NW) Inc.
87,B - Enbridge Pipelines Inc.
88,B - Foothills Pipeline Ltd
89,B - Kinder Morgan Cochin ULC
90,B - Maritimes & Northeast Pipeline LP
91,B - NOVA Gas Transmission Ltd.
92,B - Trans Mountain Pipeline ULC
93,B - TransCanada PipeLines Ltd.
94,"B - Westcoast Energy Inc., carrying on business as Spectra Energy Transmission"
95,B -Trans Quebec & Maritimes Pipeline Inc
96,B -Trans-Northern Pipelines Inc
97,B -TransCanada Keystone Pipelines GP Ltd.
98,BC Hydro and BCTC - Jointly
99,BC Hydro and Power Authority and BC Transmission Corporation - Jointly
100,BC LNG Export Co-operative LLC
101,"BG Energy Merchants Canada, Limited"
102,BNP Paribas Energy Trading Canada Corp
103,BNP Paribas Energy Trading GP
104,BP Canada Energy Company
105,BP Canada Energy Enterprises
106,BP Canada Energy Group ULC
107,BP Canada Energy Resources Company
108,BP Canada Energy Trading Company
109,BP Energy Company
110,BP Oil Supply
111,BP Products North America Inc.
112,BP Resources Canada Ltd
113,BP West Coast Products LLC
114,BTG Pactual Commodities (US) LLC
115,Barclays Canadian Commodities Limited
116,Bay State Gas Company d/b/a Columbia Gas of Massachusetts (NiSource Inc.)
117,Bayshore Petroleum Corp.
118,Bear Head LNG Corporation
119,Bear Paw Processing Company Canada Ltd
120,Bellatrix Exploration Ltd.
121,Berens Energy Ltd.
122,Beyond Energy and Trade Inc.
123,"Big Apple Energy, LLC"
124,BioUrja Trading LLC
125,"Black Oak Capital, LLC"
126,BlackPearl Resources Inc.
127,Blue Roads Solutions LLC
128,"BlueRock Energy, INC."
129,"Bluewater Gas Storage, LLC"
130,"Boise White Paper, LLC"
131,Bonavista Energy Corporation
132,Bonavista Petroleum Ltd
133,Boss Energy LLC
134,Boston Gas Company
135,Boston Gas Company d/b/a National Grid
136,Bow River Energy Limited
137,Bow River Energy Ltd.
138,Bridger Energy Trading LLC
139,British Columbia Hydro and Power Authority
140,British Columbia Hydro and Power Authority (BC Hydro)
141,British Columbia Power Exchange Corporation (POWEREX)
142,British Columbia Transmission Corporation
143,Brookfield Energy Marketing Inc and Brookfield Energy Marketing Inc as General Partner on behalf of Brookfield Energy Marketing LP
144,Brookfield Energy Marketing Inc.
145,Brooklyn Navy Yard Cogeneration Partners
146,"Brooklyn Union Gas Company d/b/a National Grid, The"
147,Bruce Power Inc.
148,Burlington Resources Canada (Hunter) Ltd
149,Burlington Resources Canada (Hunter) Ltd.
150,Burnwell Gas of Canada Ltd
151,"C National Energy Board - Order GL-- to ENGIE Energy Marketing NA, Inc. - Exportation of Gas for Subsequent Import"
152,"C National Energy Board - Order GOL-- to ENGIE Energy Marketing NA, Inc. authorizing the importation of gas for subsequent export"
153,CAL-GAS Inc
154,CAMS Midstream Services ULC
155,CANADA LTD.
156,CANADIAN WOOD PRODUCTS - MONTREAL INC.
157,CC Energy Services LLC
158,CEP Bitumen Blend Export Co
159,CHS Inc.
160,CHS McPherson Refinery Inc
161,CMS Energy Resource Management Company
162,"COYNE PROPANE, LLC"
163,CP Energy Marketing Inc
164,CP Energy Marketing Inc (formerly EPCOR Merchant and Capital Inc.)
165,"CP Energy Marketing Inc., as general partner, on behalf of CP Energy Marketing L.P."
166,CP Energy Services (Canada) Inc
167,CP Energy Services Canada Inc
168,CPD Alaska LLC
169,"CPV Three Rivers, LLC"
170,Calpine Canada Energy Corp.
171,Calpine Energy Services Canada Ltd.
172,Caltex Resources Ltd.
173,Calumet Superior LLC
174,Calumet Superior LLP
175,Campus Energy Partners Operations Inc.
176,CanStates Gas Marketing
177,CanWest Gas Supply Inc
178,Canada Border Services Agency
179,Canada Hibernia Holding Corp
180,Canada Imperial Oil Limited
181,Canada Inc.
182,Canada Limited
183,Canada Ltd
184,Canada Ltd.
185,Canada Stewart Energy Group Ltd.
186,Canadian Advantage Petroleum Corporation
187,Canadian Enterprise Gas Products Ltd
188,Canadian Enterprise Gas Products Ltd.
189,"Canadian Enterprise Gas Products, Ltd."
190,Canadian Forest Oil Ltd
191,Canadian Hunter Exploration Ltd
192,Canadian Hunter Exploration Ltd.
193,Canadian Hydrocarbons Marketing Inc
194,Canadian Natural Resources
195,Canadian Natural Resources Limited
196,Canadian Natural Resources by its Managing Partner Canadian Natural Resources Limited
197,Canadian Niagara Power Inc.
198,Canadian Oil Sands Limited
199,Canadian Oil Sands Limited for and behalf of Canadian Oil Sands Partnership
200,"Canadian-Montana Pipeline Company, Ltd."
201,Cangaz Ventures Inc
202,Canterra Energy Ltd
203,"Cargill Energy Trading Canada, Inc."
204,Cargill Incorporated
205,"Cargill Incorporated, Transport Fuels"
206,Cargill Limited
207,"Cargill-Alliant Energy Canada, LP"
208,Cartier Pipeline and Company Limited Partnership
209,Castleton Commodities Canada Inc.
210,Castleton Commodities Merchant Trading L.P.
211,Cedar  LNG Export Ltd.
212,Cedar East Advisory Ltd.
213,Cedars Rapids Transmission Company
214,Cenovus Border Pipelines Limited
215,Cenovus Energy Inc
216,Centennial Energy LLC
217,Center Oil Company
218,Centra Gas Manitoba Inc.
219,Centra Transmission Holdings Inc.
220,Central Hudson Gas & Electric Corporation
221,Central Hudson Gas & Electric Corporation (CH Energy Group Inc.)
222,Centre Lane Trading Ltd
223,Champion Pipe Line Corporation Limited
224,Champion Pipeline Corporation Limited
225,Changfeng Energy Inc
226,Chevron Alberta Gas Storage ULC
227,Chevron Canada Limited
228,Chevron Canada Limited (Products Division)
229,"Chevron Canada Limited, in its capacity as the Managing Partner of Chevron Canada Resources"
230,Chevron Canada R & M ULC
231,Chevron Canada Resources
232,"Chevron Canada Resources, a Partnership by its Managing Partner, Chevron Canada Limited"
233,Chevron Products Company
234,Chief Mountain Gas Co-op Ltd.
235,Chubu TT Energy Management Inc.
236,Cincinnati Gas & Electric Company
237,"Cinergy Marketing & Trading, LP (changed to Fortis Energy Marketing and Trading GP)"
238,Citadel Financial Products S.à.r.l
239,Citadel NGPE LLC
240,Citigroup Energy Canada ULC
241,Citigroup Energy Canada ULC.
242,Citius Enterprises Ltd.
243,Citizens Resources LLC
244,CityServiceValcon LLC
245,"Clean Energy, a California Corporation"
246,Coastal Gas Marketing Company
247,"Cobalt Capital Partners III, LLC"
248,Cochin Pipe Lines Ltd.
249,Cochin Pipe Lines Ltd. (Name change to Kinder Morgan Cochin ULC)
250,"Coffeyville Resources Refining & Marketing, LLC"
251,Colonial Gas Company
252,Colonial Gas Company d/b/a National Grid
253,Colonial Oil Industries Inc
254,Columbia Power Corporation
255,Command Power Corp.
256,Commandité gestion energy Windmill DREAM Québec inc.
257,Commandité Énergie Windmill DREAM Québec Inc
258,"Commerce Energy, Inc."
259,Concord Energy LLC
260,Conectiv Energy Supply Inc.
261,Connacher Oil and Gas Limited
262,Connecticut Natural Gas Corporation
263,Conoco Phillips Commercial NGL
264,ConocoPhillips Canada Energy Partnership (on behalf of ConocoPhillips Canada Resources Corp.)
265,ConocoPhillips Canada Limited
266,ConocoPhillips Canada Marketing & Trading ULC
267,ConocoPhillips Canada Marketing and Trading ULC
268,ConocoPhillips Canada Operations Ltd.
269,ConocoPhillips Canada Operations Ltd. As managing partner of ConocoPhillips Canada (BRC) Partnership
270,ConocoPhillips Canada Resources Corp
271,ConocoPhillips Canada Resources Corp as managing partner of ConocoPhillips Western Canada Partnership
272,ConocoPhillips Company
273,ConocoPhillips NGL Marketing Canada ULC
274,ConocoPhillips Western Canada Partnership
275,"Consolidated Edison Company of New York, Inc., on its own behalf and as agent for its affiliate Orange and Rockland Utilities, Inc."
276,Consolidated Edison Energy Inc
277,"Consolidated Edison Energy, Inc."
278,"Consolidated Edison Solutions, Inc."
279,"Constellation Energy Commodities Group, Inc (formerly Constellation Power Source)"
280,"Constellation Energy Commodities Group, Inc."
281,Constellation Energy Gas Choice LLC
282,"Constellation Energy Gas Choice, Inc."
283,Constellation Energy Services Inc
284,"Constellation NewEnergy Canada, Inc."
285,Constellation NewEnergy Inc.
286,Consumers Energy Company
287,Consumers' Co-operative Refineries Limited
288,Consumers' Gas (Canada) Ltd.
289,County of Vermilion River No.  Gas Utility
290,Crescent Point Energy Corp.
291,Crescent Point Resources Ltd
292,"Crowley LNG, Inc."
293,Crowley Petroleum Distribution Alaska LLC
294,CryoAlta Inc
295,Cryopeak LNG Solutions Corporation
296,Crystal Flash Limited Partnership of Michigan
297,Cyanamid Canada Pipeline Inc
298,DB Commodities Canada Ltd.
299,"DC Energy Dakota, LLC"
300,DC Energy LLC
301,DCP Midstream
302,DEGT Midstream Management Corporation
303,DK CANADA ENERGY ULC
304,DMEnergy Canada Inc.
305,DR Four Beat Energy Corp.
306,"DTE Energy Trading, Inc."
307,DTE Gas Company
308,Dartmouth Power Associates Limited Partnership
309,Dawn Gateway Pipeline General Partner Inc
310,Dead River Company
311,Delphi Energy Corp
312,Delphi Energy Corporation
313,Denali Canada
314,Dennis Bradford Mullins
315,"Detroit Edison Company, The"
316,Devon Canada Corporation
317,Devon Canada Crude Marketing Corporation
318,Direct Commodities Trading Inc.
319,"Direct Energy Business Marketing, LLC"
320,Direct Energy Marketing Inc.
321,Direct Energy Marketing Limited
322,Dome Kerrobert Pipeline Ltd.
323,Dome NGL Pipeline Ltd.
324,Dome NGL Pipelines Ltd.
325,Dome Petroleum Limited
326,Domtar Inc.
327,Dow Chemical Canada ULC
328,Duke Energy Empress Management Inc. (Changed to Spectra Energy Empress Management Inc.)
329,Duke Energy Field Services Canada L.P.
330,Duke Energy Gas Transmission
331,Duke Energy Marketing Canada Corp.
332,Duke Energy Marketing Canada Ltd.
333,"Duke Energy Ohio, Inc."
334,Dynasty Power Inc.
335,"Dynegy Gas Imports, LLC"
336,"Dynegy Power Marketing, Inc."
337,E.ON Global Commodities North America LLC
338,EDF Trading North America LLC
339,"EDF Trading North America, LLC"
340,"EM Energy Ohio, LLC"
341,"EM Energy Pennsylvania, LLC"
342,"ENGIE Energy Marketing NA, Inc."
343,ENMAX Energy Marketing Inc.
344,ENN Canada Corporation
345,EPCOR Merchant and Capital Inc.
346,EPLP Energy Services (Canada) Inc.
347,"Eagle Energy Partners I, L.P."
348,Eagle Rock Exploration Ltd
349,"East Coast Power and Gas, LLC"
350,Eastern Maine Electric Cooperative Inc
351,Echoex Energy Inc.
352,Elbow River Marketing Corp on behalf of Elbow River Marketing Limited Partnership
353,Elbow River Marketing Corp on behalf of Enlbow River Marketing Limited Partnership
354,Elbow River Marketing Limited Partnership
355,Elbow River Marketing Ltd.
356,Elbow River Marketing USA Ltd
357,Element Americas Inc.
358,Emera Brunswick Pipeline Company Ltd.
359,Emera Energy GP Inc. on behalf of Emera Energy LP (tranferred from Emera Energy Inc.)
360,Emera Energy Inc
361,Emera Energy Inc. (changed to Emera Energy GP Inc. on behalf of Emera Energy LP)
362,Emera Energy Services Inc.
363,EnCana Border Pipelines Limited
364,EnCana Corporation
365,EnCana Corporation (previously PanCanadian Energy Corp.)
366,EnCana Cypress Pipeline Ltd.
367,EnCana Ekwan Pipeline Inc.
368,EnCana Midstream & Marketing Partnership
369,EnCana Oil & Gas Co. Ltd.
370,EnCana Oil & Gas Ltd.
371,EnCana Oil & Gas Partnership
372,EnCana Suffield Gas Pipelines Inc.
373,Enable Energy Marketing Ltd
374,Enbridge Bakken Limited Partnership
375,"Enbridge Bakken Pipeline Company Inc., on behalf of Enbridge Bakken Pipeline Limited Partnership"
376,Enbridge G and P Canada Pipelines Inc.
377,Enbridge Gas Distribution Inc.
378,Enbridge Gas New Brunswick Limited Partnership by its general partner Enbridge Gas New Brunswick Inc
379,Enbridge Gas Services Inc
380,Enbridge Pipelines (NW) Inc.
381,Enbridge Pipelines (Westspur) Inc.
382,Enbridge Pipelines Inc.
383,Enbridge Pipelines Southern Lights GP Inc.
384,Enbridge Southern Lights GP Inc. (On behalf of Enbridge Southern Lights LP)
385,Encana Corporation
386,Enco Gas Ltd
387,"Endure Energy, L.L.C."
388,Enerchem International Inc
389,"Energetix DE, LLC"
390,Energetix Inc
391,Energy East Pipeline Ltd.
392,Energy Plus Natural Gas LLC
393,Energy Source Canada Inc
394,Energy Terminal Marketing LLC
395,Energy West Resources
396,"EnergyNorth Natural Gas, Inc."
397,Enerkon Resources Canada
398,Enermark Inc.
399,Enerplus Corporation acting on behalf of the Enerplus Partnership
400,"Engage Energy US, LP"
401,Engelhart CTP (US) LLC
402,"Enhanced Energy Services of America, LLC"
403,Enserco Energy Inc
404,Enserco Energy LLC
405,"Enserco Midstream, LLC"
406,Enstor Energy Services LLC
407,"Entergy-Koch Trading Canada, ULC"
408,Enviro Express Inc
409,Envision Resources Ltd. Co.
410,Equinor Marketing & Trading (US) Inc.
411,Equinor Natural Gas LLC
412,Essex Gas Company d/b/a National Grid
413,Esso Resources Canada Limited
414,Ethane Shippers Joint Venture (Windsor Storage Facility Joint Venture)
415,"Exelon Generation Company, LLC"
416,"Exelon Generation Company, LLC ""Exelon"""
417,Express Pipeline Ltd
418,Express Pipeline Ltd.
419,"Express Pipeline Ltd., as the general partner of Express Holdings (Canada) Limited Partnership"
420,ExxonMobil Canada Energy
421,ExxonMobil Canada Export Trading LLC
422,ExxonMobil Canada Ltd.
423,ExxonMobil Canada Properties
424,ExxonMobil Export Corporation
425,ExxonMobil Oil Corporation
426,Exxonmobil Sales and Supply LLC
427,FB Energy Canada Corp
428,FB Energy Canada Corp.
429,FET Energy Ltd.
430,FPL Energy Power Marketing Inc (changed name to NextEra Energy Power Marketing LLC)
431,Factor Energy (U.S.) Inc.
432,Factor Energy US Inc
433,Factor Gas Liquids Inc.
434,Family Energy Inc
435,Family Energy Inc.
436,Fathom Energy Inc
437,Federated Pipe Lines (Northern) Ltd
438,Ferrell North America
439,Ferus Natural Gas Fuels (CNG) LLC
440,"Ferus Natural Gas Fuels (CNG), LLC"
441,Ferus Natural Gas Fuels Inc.
442,Ferus Natural Gas Fuels LP
443,First Commodities International Inc. (changed name to First Commodities Ltd.)
444,First Commodities Ltd. (formerly First Commodities International Inc.)
445,Fletcher Challenge Energy Canada Inc.
446,Flint Hills Resources Canada ULC
447,"Flint Hills Resources Canada, LP"
448,"Flint Hills Resources Canada, LP, by its general partner, Flint Hills Resources Canada, ULC"
449,"Flint Hills Resources, LP"
450,Foothills Pipe Lines (Alberta) Ltd
451,Foothills Pipe Lines (South BC) Ltd
452,Foothills Pipe Lines (Yukon) Ltd
453,Foothills Pipe Lines Ltd
454,Fortis Energy Marketing and Trading GP (formerly Cinergy Marketing and Trading LP)
455,FortisBC Energy Inc. (Formerly Terasen Gas Inc.)
456,FortisBC Energy Inc. (formerly Terasen Gas Inc.)
457,FortisBC Huntingdon Inc
458,FortisBC Huntingdon Inc.
459,FortisBC Inc.( Formerly Aquila Networks Canada (BC) Ltd.)
460,FortisOntario Inc. (formerly Canadian Niagara Power Inc.)
461,Fortress Energy Inc
462,Forty Mile Gas Co-op Ltd.
463,Forty Miles Gas Co-op Ltd
464,"Four Sisters Petroleum,LLC"
465,Fraser Paper Inc.
466,Fraser Paper Inc. (Canada)
467,Freepoint Commodities LLC
468,Freepoint Commodities Trading and Marketing LLC
469,Frontier Oil & Refining Company
470,Fuelgarden LNG AS
471,GCL Ventures Ltd
472,"GDF SUEZ Energy Marketing NA, Inc."
473,GDF SUEZ Gas NA LLC
474,GEORGE E. WARREN LLC
475,GFL Environmental Inc.
476,GNL Québec Inc.
477,GOETZ ENERGY CORPORATION
478,"GRIZZLY OIL SANDS, ULC"
479,Gas Supply Resources Holdings Inc
480,Gas Supply Resources Inc
481,Gascana Inc.
482,Gavilon LLC
483,"Gavilon, LLC"
484,Gaz Metro Solutions Transport () inc a titre d'associee commanditee de Gaz Metro Solutions Transport S.E.C.
485,Gaz Métro / Gaz de France / Enbridge Inc.
486,Gaz Métro Solutions Transport SEC
487,Gaz naturel Tugliq Québec Inc.
488,Gazoduc Trans Quebec & Maritimes Inc
489,Genesis Pipeline Canada Ltd.
490,Georgia Strait Crossing Pipeline Limited
491,Gestion Énergie Québec inc
492,Gestion Énergie Québec inc.
493,Gibson Energy Partnership
494,Gibson Energy ULC
495,"Gibson Energy ULC, Managing Partner of Gibson Energy Partnership"
496,"Gibson Energy ULC, Managing Partner of Gibson Gas Liquids Partnership"
497,"Gibson Energy ULC, Managing Partner of MP Energy Partnership"
498,"Gibson Energy ULC, Managing Partners of Gibson Liquids Partnership"
499,Gibson Energy ULC. Managing Partner of Gibson Energy Partnership
500,"Gibson Gas Liquids, Managing Partner of Gibson Energy Partnership"
501,Glencoe Resources Ltd.
502,Glencore Ltd
503,Glencore Ltd.
504,Glenogle Energy Inc.
505,Global Companies LLC
506,Global Energy Marketing II LLC
507,Global Energy Marketing LLC
508,"Global Gas, Inc."
509,Global Partners Energy Canada ULC
510,Global Petroleum Marketing Inc
511,Gra Ham Energy Limited
512,Grand Trunk Western Railroad Company (formerly St. Clair Tunnel Company)
513,"Great Bay Energy VI, LLC"
514,Green Tech Finance Inc.
515,Greenergy Fuels Canada Inc.
516,"Greenfield Energy Centre LP, by its general partner CM Greenfield Power Corp."
517,Griffith Energy Inc
518,Gulf Canada Resources Limited
519,Gulf Oil Limited Partnership
520,Gulfstream Trading Ltd.
521,HO Power G.P. Inc. /Commandité HO Énergie Inc. on behalf of HO Power Limited Partnership /Société en Commandite HO Énergie
522,Hartland Fuel Products LLC
523,"Hartland Fuel Products, LLC"
524,Hartree Partners LP
525,Harvest Operations Corp.
526,Hawaii Independent Energy LLC
527,Heartland Generation Ltd.
528,Hess Canada Gas Ltd
529,Hess Corporation
530,"Hess Energy Marketing, LLC"
531,"Hess Energy Trading Company, LLC"
532,"High Desert Refining, LLC"
533,High Sierra Energy Canada ULC
534,Highlands Fuel Delivery LLC
535,Holly Refining and Marketing Company
536,HollyFrontier Companies
537,HollyFrontier Refining & Marketing LLC
538,Hostetler Midstream Consulting LLC
539,Houston Refining LP
540,Hudson Energy Company
541,Hunt Crude Oil Supply Company
542,Hunt Crude Oil Supply Company LLC
543,"Hunt Oil Company of Canada, Inc"
544,Huntingdon International Pipeline Corporation (HIPCO)
545,Huron Energy Corporation
546,Husky Energy Marketing Inc
547,Husky Energy Marketing Inc.
548,Husky Gas Marketing Inc.
549,Husky Marketing and Supply Company
550,Husky Oil Limited
551,Husky Oil Marketing Company
552,Husky Oil Operations Limited
553,Husky Oil Operations Ltd
554,Husky Oil Operations Ltd.
555,Hydro One Delivery Services Inc.
556,Hydro One Networks Inc.
557,Hydro-Quebec
558,Hydro-Québec
559,Hydro-Québec TransÉnergie
560,IGI Canada Corp
561,IGI Resources Inc
562,ISH Energy Ltd.
563,ITC Lake Erie Connector LLC
564,Iberdrola Canada Energy Services Inc
565,"Iberdrola Canada Energy Services, Inc."
566,"Iberdrola Canada Energy Services, Ltd"
567,"Iberdrola Energy Services, LLC"
568,Iberdrola Renewables Inc
569,Idaho Power Company
570,Idemitsu Apollo Corporation
571,Ikkuma Resouces Corp.
572,Ikkuma Resources Corp - (Formerly) Panterra Resource Corp.
573,Imperial Oil
574,Imperial Oil Limited
575,Imperial Oil Resources Limited
576,Imperial Oil Resources Limited in its capacity as general and limited partner of Imperial Oil Resources
577,Imperial Oil Resources Ventures Limited
578,Imperial Oil Resources Ventures Limited (Mackenzie Gas Project)
579,Imperial Pipeline Company Limited
580,Independent Electricity System Operator (IESO)
581,Inergy Propane LLC
582,"Infinite Energy, Inc."
583,Innovative Midstream Solutions Inc
584,Integrys Energy Services Inc
585,Integrys Energy Services of Canada Corp
586,"Integrys Energy Services of New York, Inc. (formerly Advantage Energy, Inc.)"
587,"Integrys Energy Services, Inc. (formerly WPS Energy Services, Inc.)"
588,InterCoastal Pipe Line Inc
589,International Chemical Company
590,International Paper Company
591,Interprovincial Pipe Line Limited
592,Interprovincial Pipeline (NW) Limited
593,Irving Oil Commercial GP
594,Irving Oil Limited on behalf of Irving Oil Commercial G.P.
595,Irving Oil MCC Limited
596,Irving Oil Operations General Partner Limited on behalf of Irving Oil Commercial G.P.
597,Irving Oil Operations General Partner Limited on behalf of Irving Oil Commercial LP
598,Irving Oil Operations Limited on behalf of Irving Oil Commercial GP
599,Irving Oil Terminals Inc
600,Irving Oil Terminals Inc.
601,Irving Oil Terminals Operations Inc
602,Irving Oil Terminals Operations Inc.
603,J Aron and Company
604,J P Morgan Commodities Canada Corporation
605,J P Morgan Ventures Energy Corporation
606,J.P. Morgan Commodities Canada Corporation (formerly Texas Power GP LLC)
607,J.P. Morgan Trading & Transportation Management LLC
608,J.P. Morgan Ventures Energy Corporation
609,JD Irving Limited
610,JP Morgan Commodities Canada Corporation
611,Jordan Cove LNG L.P.
612,Jupiter Resources Inc
613,Just Energy New York Corp.
614,Just Energy Ontario L.P. by and through its general partner Just Energy Corp.
615,Just Energy Ontario L.P. by through its general partner Just Energy Corp.
616,Just Energy Ontario LP
617,K L Case Energy LLC
618,KCES GP Ltd
619,KEYERA Energy Ltd.
620,KM LNG Operating General Partnership
621,Kaiser Exploration Ltd.
622,"Kempler & Co., Inc."
623,KeySpan Energy Canada Company
624,Keyera Corp. as a managing partner of Keyera Partnership
625,Keyera Energy Inc
626,Keyera Energy Inc.
627,Keyera Energy Limited Partnership
628,Keyera Energy Ltd.
629,Keyera Partnership by its GP Keyera Energy Management Ltd.
630,"Keyera Partnership, by its managing partner of Keyera Corp"
631,Keyspan Gas East Corporation d/b/a National Grid
632,"Kiesel Company, The"
633,Kildair Service Ltée
634,Kildair Service ULC
635,Kinder Morgan Cochin ULC
636,Kinder Morgan Cochin ULC (formerly Cochin Pipe Lines Ltd)
637,Kinder Morgan Utopia Ltd.
638,Kinder Morgan Utopia ULC
639,Kinetic Resources LPG
640,Kingston Midstream Limited
641,Kinsella Energy Ltd.
642,Kiros Energy Marketing ULC
643,Kitsault Energy Limited
644,Kitsault Energy Ltd
645,Koch Canada Energy Services LP
646,Koch Energy Services LLC
647,L & J Energy Systems Inc
648,LBX Pipeline Ltd.
649,LGP Energy Inc.
650,LNG Canada Development Inc.
651,LNGNext LLC
652,LOMAC Canada Ltd.
653,Lachine Partners LLC
654,Lakes Gas Co
655,Lakes Gas Co.
656,Lakeshore Pipeline Company LLC
657,"Lancaster Propane Gas, Inc."
658,Lansing NGL Services a Division of Lansing Trade Group LLC
659,"Lansing Trade Group, LLC"
660,Lehman Brothers Commodity Services Inc.
661,Les Produits Petroliers Norcan SENC/Norcan Petroleum Produccts GP
662,Les Pétroles S.I.R. Inc.
663,Liberty Utilities (EnergyNorth Natural Gas) Corp. d/b/a Liberty Utilities (Liberty Energy Utilities)
664,"Lighthouse Energy Trading Company, Inc."
665,Link Petroleum Inc
666,Lion Oil Trading & Transportation LLC
667,"Lion Oil Trading & Transportation, Inc."
668,"Lion Oil Trading and Transportation, LLC"
669,Liquiline LNG Solutions Corporation
670,Local Authority Services Ltd
671,Lochlan Energy Services LLC
672,Lone Pine Resources Canada Ltd.
673,Louis Dreyfus Energy Canada Inc.
674,Louis Dreyfus Energy Services L.P.
675,Louis Dreyfus Energy Services LP
676,Lukoil Pan Americas LLC
677,MAG Energy Solutions Inc.
678,MEG Energy Corp.
679,"MV Purchasing, LLC"
680,MX Petroleum Corp.
681,MXenergy Inc.
682,MacEwen Petroleum Inc
683,Mackenzie Delta Producers Group
684,Macquarie Commodities Trading Canada Ltd.
685,Macquarie Energy Canada Ltd
686,Macquarie Energy Canada Ltd.
687,Macquarie Oil Services Canada Ltd
688,Macquarie Resource Capital Canada Ltd.
689,Macquarie Trading Canada Ltd
690,Madstone Energy Corp.
691,Maine & New Brunswick Electrical Power Company Limited
692,Manito Pipelines Ltd
693,Manitoba Hydro
694,Manitoba Hydro-Electric Board
695,Manitoba Oil & Gas Corporation
696,Mansfield Power and Gas LLC
697,Many Islands Pipe Line (Canada) Limited
698,Many Islands Pipe Lines (Canada) Limited
699,Marathon Oil Canada Corporation
700,Marathon Petroleum Company LLC
701,Marathon Petroleum Company LP
702,Marathon Petroleum Trading Canada LLC
703,Marathon Power LLC
704,Marauder Resources West Coast Inc.
705,Maritime Electric Company Limited
706,Maritimes & Northeast Pipelines Ltd
707,Maritimes & Northeast Pipelines Management Ltd.
708,Maritimes NG Supply Limited Partnership
709,Marketing D'Énergie HQ Inc - HQ Energy Marketing Inc
710,Marketing D'énergie HQ Inc.
711,Masefield Canada Inc
712,McAsphalt Industries Limited
713,Mercuria Commodities Canada Corporation
714,Mercuria Energy Canada Inc.
715,Merrill Lynch Commodities Canada ULC
716,Merrill Lynch Commodities Inc
717,Merrill Lynch Commodities Inc.
718,"Metromedia Energy, Inc."
719,Michigan Consolidated Gas Company
720,Michigan Crystal Flash Petroleum Corporation
721,Mid-Continent Pipelines Limited
722,Midwest Industrial Asphalt Inc.
723,Mieco Inc.
724,Minell Pipeline Ltd
725,Minell Pipelines Ltd.
726,Minnesota Energy Resources Corporation
727,Mobil Oil Canada Limited
728,Mobile Energy Group Corporation
729,Moneta Energy Services Ltd
730,Montana Alberta Tie Ltd.
731,Montana Refining Company Inc
732,Montana Refining Corporation Inc
733,Montana-Dakota Utilities Co A Division of MDU Resources Group Inc.
734,Montenay Inc.
735,Montreal Pipe Line Limited
736,Morgan Stanley Capital Group Inc
737,Morgan Stanley Capital Group Inc.
738,Mosbacher Operating Ltd
739,Motus Petroleum Ltd.
740,Murphy Atlantic Offshore Oil Company
741,Murphy Oil Company Ltd
742,Murphy Oil Company Ltd.
743,Murphy Oil USA Inc
744,Musket Canada Inc
745,Musket Canada ULC
746,NARL Marketing Limited Partnership
747,"NARL REFINING INC., as the general partner of NARL Refining Limited Partnership"
748,NB Petro Inc
749,NEXEN INC. (formerly Nexen Canada Ltd)
750,NGL Crude Canada ULC
751,NGL Crude Logistics LLC
752,NGL Supply Co Ltd
753,NGL Supply Co. Ltd
754,NGL Supply Wholesale LLC
755,"NGL Supply Wholesale, LLC"
756,NJR Energy Services Company
757,NOCO Energy Corp.
758,NOCO Energy Corporation
759,NOVA Chemicals (Canada) Ltd.
760,NOVA Chemicals Canada Ltd
761,NOVA Gas Transmission Ltd.
762,NRG Energy Inc
763,NRG Power Marketing LLC
764,NRG Power Marketing LLC - formerly NRG Power Marketing Inc
765,NSR International Trading Inc
766,NYSEG Solutions Inc
767,"NYSEG Solutions, LLC"
768,Nalcor Energy (Changed name to Nalcor Energy Marketing Corporation)
769,Nalcor Energy Marketing Corporation (formerly Nalcor Energy )
770,"Narragansett Electric Company d/b/a National Grid, The"
771,National Cooperative Refinery Association
772,National Fuel Gas Distribution Corporation
773,National Fuel Marketing Company LLC
774,National Fuel Resources Inc
775,New Brunswick Electric Power Commission
776,New Brunswick Energy Marketing Corporation
777,New Brunswick Power Corporation
778,New Brunswick Power Generation Corporation
779,New Brunswick Power Transmission Corporation (formerly New Brunswick Power Corporation)
780,New Brunswick System Operator
781,New York Energy Savings Corp
782,New York Power Authority
783,New York State Electric & Gas Corporation
784,NewTimes Energy Ltd
785,Nexen Energy Marketing USA Inc.
786,Nexen Inc.
787,Nexen Marketing
788,NextEra Energy Power Marketing LLC
789,NextEra Energy Power Marketing LLC (formerly FPL Energy Power Marketing LLC)
790,Niagara Gas Transmission Limited
791,Niagara Mohawk Power Corporation d-b-a National Grid
792,Noble Americas Corp
793,Noble Americas Gas & Power Corp
794,Noble Americas Gas & Power Corp.
795,Noble Americas Gas and Power Corp
796,Noble Energy Marketing and Trade Corp
797,Norcan Petroleum Products GP
798,Norsk Hydro Crude Marketing Inc
799,North  Petro Ltd
800,North Atlantic Refining Limited
801,North Canadian Oils Limited
802,"North Collins Cylinder Gas Co., Inc."
803,"North Dakota LNG, LLC"
804,NorthPoint Energy Solutions Inc.
805,Northcrest Forest Products Ltd
806,Northeast Gas Markets LLC
807,Northern Blizzard Resources Inc.
808,Northern Canada Power Commission
809,"Northern Gateway Pipelines Inc., as General Partner of Northern Gateway Pipelines Limited Partnership"
810,Northern States Power Company (Minnesota)
811,"Northern States Power Company, a Minnesota corporation"
812,Northern Transportation Company Limited
813,"Northern Utilities, Inc."
814,"Northern Utilities, Inc. (Unitil Service Corp.)"
815,Northridge Petroleum Marketing Inc
816,Northstar Energy Corporation
817,Northwest Natural Gas Company
818,Nova Scotia Power Inc
819,Novagas Canada Ltd
820,Novagas Clearinghouse Pipelines Ltd
821,NuStar Marketing LLC
822,NuStar Supply and Trade LLC.
823,NuStar Supply and Trading LLC.
824,NuVista Energy Ltd.
825,Nutreco Canada Inc
826,Nutreco Canada Inc.
827,OGE Energy Resources Inc
828,"OGE Energy Resources, Inc."
829,OMERS Resources Limited
830,ONEOK Energy Services Canada Ltd
831,"ONEOK Energy Services Company, LP (on behalf of ONEOK Energy Services Company, II)"
832,ONEOK Rockies Processing Company (Canada) Ltd.
833,OTG (On The Ground) Sourcing Inc.
834,Oasis Energy Group Ltd.
835,Obsidian Energy Ltd.
836,Olco Petroleum Group Inc (Changed name to Olco Petroleum Group ULC)
837,Olco Petroleum Group ULC (Formerly Olco Petroleum Group Inc.)
838,Omimex Canada Ltd
839,Omimex Canada Ltd.
840,"Omimex Canada, Ltd."
841,Ontario Hydro
842,Ontario Limited
843,Ontario Power Generation Inc.
844,Orca LNG Ltd.
845,"Oregon LNG Marketing Company, LLC"
846,Oxy Energy Canada Inc
847,PAA Natural Gas Canada ULC
848,PBF Energy Limited
849,PBF Holding Company LLC
850,PDV Midwest Refining LLC
851,PES Refining and Marketing LLC
852,PKM Cochin ULC
853,PMC (Nova Scotia) Company
854,"PMC (Nova Scotia) Company (on behalf of Plains Marketing Canada, L.P.)"
855,"PPL EnergyPlus LLC (""PPL"")"
856,PacifiCorp
857,Pacific East Energy Ltd.
858,"Pacific Energy Partners, L.P."
859,Pacific Gas and Electric Company
860,Pacific NorthWest LNG Ltd. as General Partner of the Pacific NorthWest LNG Limited Partnership
861,Pacific Northern Gas Ltd.
862,Pacific Prime LNG Inc.
863,Pacific Summit Energy LLC
864,Pacific Traverse Energy Ltd.
865,Palmer Gas Company Inc
866,Pan-Alberta Gas Ltd
867,PanCanadian Energy Corporation (name change to EnCana Corporation)
868,PanTerra Resource Corp
869,"Panhandle Eastern Pipe Line Company, LP"
870,Paramount Transmission Ltd
871,Paramount Transmission Ltd.
872,Parkland Refining (B.C.) Ltd
873,Parnon Energy Inc.
874,"Peaker Energy Marketing, LLC"
875,Pembina Energy Services Inc.
876,Pembina Marketing Ltd.
877,Pembina NGL Corporation
878,"Pembina NGL Corporation and Pembina Resource Services Canada, by its managing partner  Alberta Ltd."
879,Pembina North Limited Partnership
880,Pembina Pipeline Corporation
881,Pembina Prairie Facilities Ltd.
882,Pembina Prairie Facilities Ltd. (formerly) Vantage Pipeline Canada ULC
883,Pembina Resource Services Canada
884,Pembina Resource Services GP Inc.
885,Pendo Energy Marketing Ltd.
886,Pengrowth Corporation
887,Pengrowth Energy Corporation
888,"Peninsual Power, LLC"
889,"Peninsula Energy Logistics, LLC"
890,Penn West Petroleum Ltd.
891,Petro Canada
892,Petro Canada USA Inc
893,"Petro Harvester Operating Company, LLC"
894,Petro-Canada Oil and Gas
895,PetroBakken Energy Ltd.
896,PetroChina International (America) Inc.
897,"PetroChina International (America), Inc."
898,PetroChina International (Canada) Trading Ltd
899,PetroChina International (Canada) Trading Ltd.
900,PetroChina International America Inc
901,PetroChina International Canada Trading Ltd
902,PetroLama Energy Canada Inc
903,Petroder Logistics LLC
904,Petrogas Energy Corp.
905,Petrogas Energy Corp. formerly Petrogas Marketing Ltd.
906,Petrogas Inc.
907,Petrogas Marketing LTD
908,Petrogas Marketing Ltd
909,Petrolama Energy Canada Inc
910,Petroleum Logistics Inc
911,Petroleum Transmission Company
912,Petrosol International Inc.
913,Petrovera Resources Ltd.
914,Phibro LLC
915,Philadelphia Energy Solutions Refining and Marketing LLC
916,Phillips  Canada Ltd.
917,Phillips  Canada ULC
918,Phillips  Company
919,Phillips  Compnay
920,Pieridae Alberta Production Ltd.
921,Pieridae Energy (Canada) Ltd
922,Pine Cliff Border Pipelines Limited
923,Pine Cliff Energy Ltd
924,Pine Cliff Energy Ltd.
925,Pioneer Natural Resources Canada Inc.
926,Pipestone Energy Corp.
927,Pipestone Pipelines Ltd
928,Pittsfield Generating Company LP
929,Plains Marketing Canada LP
930,"Plains Marketing Canada, L.P."
931,Plains Midstream Canada ULC
932,Plains Midstream Empress Management ULC
933,Planet Energy (New York) Corp.
934,Planet Energy (Ontario) Corp.
935,Planet Energy Corp.
936,Plant-E Corp.
937,Plum Gas Solutions Inc.
938,Poco Petroleum Ltd
939,Point Tupper Marine Services Co.
940,Portal Municipal Gas Company Canada Inc
941,Portal Municipal Gas Company Canada Inc.
942,"Portal, City of"
943,Portland General Electric Company
944,"Potelco, Inc."
945,Pouce Coupe Pipe Line Ltd
946,Pouce Coupé Pipe Line Ltd
947,Pouce Coupé Pipe Line Ltd.
948,Power City Partners LP
949,Power Energy Marketing LLC
950,Power Energy Partners LP
951,Powerex Corp
952,Prairie Schooner Limited Partnership (Amalgamated with True Energy Inc.)
953,Predator Midstream Ltd.
954,Predator Oil BC Ltd.
955,Premstar Energy Canada Limited Partnership
956,Prince Rupert LNG Exports Limited
957,ProGas Limited
958,"ProLiance Energy, LLC"
959,Proax International Ltd.
960,Profico Energy Management Ltd.
961,Progress Energy Canada Ltd.
962,"Prometheus Energy Group, Inc."
963,Prosperity Investments (Canada) Inc.
964,Provident Energy Ltd
965,Provident Energy Ltd.
966,Provident Energy Pipeline Inc.
967,Public Service Company of Colorado
968,Public Utility District No  of Clark County
969,Puget Sound Energy Inc
970,"Puget Sound Energy, Inc."
971,Quality Energy Inc.
972,Quicksilver Resources Canada Inc
973,RBCP Canadian GP Limited
974,"RBCP Canadian GP Limited, as general partner of RBC Energy Services LP"
975,REV LNG LLC
976,RIOENERGY CANADA LTD
977,RLT FUEL DISTRIBUTION INC
978,"RPMG, Inc."
979,Rainbow Energy Marketing Corporation
980,"Rainbow Pipe Line Company, Ltd."
981,Rana Hassan Abbas
982,Regent Resources Ltd
983,Regent Resources Ltd.
984,Reliant Energy Northeast LLC
985,"Reliant Energy Services Canada, Ltd."
986,Renmore Oil Corp
987,Repsol Energy Canada Ltd
988,Repsol Energy Canada Ltd.
989,Repsol Oil & Gas Canada Inc
990,Repsol Oil & Gas Canada Inc on behalf of Repsol Canada Energy Partnership
991,"Repsol Oil & Gas Canada Inc., on behalf of Repsol Canada Energy Parthership"
992,Resolute FP Canada Inc.
993,Resolution Resources Ltd.
994,Revolutionary LNG LLC
995,Rice Energy Marketing LLC
996,Rich Energy Inc.
997,"Rich Energy, Inc."
998,Ricks Nova Scotia Co
999,Rio Energy International Inc
1000,Rioenergy Canada Ltd.
1001,Riovic Services Ltd
1002,Rochester Gas and Electric Corporation
1003,Rockpoint Gas Storage Canada Ltd.
1004,Roctop Investments Inc.
1005,Rolympus (Canada) Commodities Group ULC
1006,Rolympus (US) Commodities Group LLC
1007,Royal Bank of Canada
1008,Rubicon NYP Corp
1009,Ruger Energy Inc.
1010,S I R Petroleum Inc
1011,"S.A.C. Energy GP, LLC"
1012,SCL Pipeline Inc.
1013,SEACOR Energy Canada Limited
1014,SESCO Enterprises Canada Limited (formerly SESCO Enterprises LLC)
1015,SESCO Enterprises Canada Ltd.
1016,"SESCO Enterprises, LLC (changed to SESCO Enterprises Canada Limited)"
1017,SHEARON ENERGY LLC
1018,SIG Holding LLC (formerly Susquehanna Energy Products LLC)
1019,"SJ Energy Partners, Inc"
1020,SOCAR Trading (North America) LLC
1021,SOCIETE HYDRO-CAN INC
1022,STATOIL NATURAL GAS LLC
1023,SYNERGY Power Marketing Inc.
1024,Sable Offshore Energy Inc
1025,Sacramento Energy Resources LLC
1026,"Sacramento Energy Resources, Ltd."
1027,Sacramento Municipal Utility District
1028,Saint John LNG Development Company Ltd.
1029,SanLing Energy Ltd.
1030,Saracen LLC (on behalf of Saracen Energy Partners LP)(changed name to Saracen Power LLC)
1031,Saracen Merchant Energy LP
1032,Saracen Power LLC (formerly Saracen LLC on behalf of Saracen Energy Partners LP)
1033,Saracen Power LP (formerly Saracen Power LLC)
1034,Saranac Power Partners L.P.
1035,Saskatchewan Power Corporation
1036,Sav-Tech Solvent Inc. o/a Heritage-Crystal Clean
1037,Scotia Capital Energy Inc
1038,Scotia Commodities Inc.
1039,Sea Breeze Victoria Converter Corporation
1040,Secure Energy Services Inc
1041,Selkirk Cogen Partners LP
1042,"Selkirk Cogen Partners, L.P."
1043,SemCAMS Redwillow ULC
1044,SemCanada Crude Company
1045,SemFuel LP
1046,SemStream LP
1047,Sempra Energy & Trading LLC
1048,Sempra Energy Trading (Calgary) ULC
1049,Sempra Energy Trading Calgary ULC
1050,Sempra Energy Trading LLC
1051,Sempra Energy Trading LLC ( Formerly Sempra Energy Trading Corp)
1052,"Sempra Generation, LLC"
1053,"Seneca Resources Company, LLC"
1054,Seneca Resources Corporation
1055,Sequent Energy Canada Corp
1056,Seven Generations Energy Ltd.
1057,Shell Canada Energy
1058,Shell Canada Limited
1059,Shell Canada Limited (on behalf of Shell Canada Products)
1060,Shell Canada Limited as managing partner of Shell Chemicals Canada
1061,Shell Canada Ltd
1062,Shell Canada Ltd as Managing Partner of Shell Canada Energy
1063,Shell Canada Products
1064,Shell Canada Products Limited
1065,"Shell Canada Products, an Alberta general partnership, by its managing partner, Shell Canada Limited"
1066,"Shell Canada Products, an Alberta partnership, by its managing partner, Shell Canada Limited"
1067,Shell Chemicals Canada
1068,Shell Energy North America (Canada) Inc (formerly Coral Energy Canada Inc)
1069,Shell Energy North America (Canada) Inc.
1070,Shell Energy North America (US) Inc.
1071,"Shell Energy North America (US), L.P."
1072,"Shell Trading Canada, a division of Pennzoil Quaker State Canada Inc"
1073,"Shell Trading Canada, an Alberta partnership"
1074,"Shell Trading Canada, an Alberta partnership, by its managing partner, Shell Canada Limited"
1075,Shiha Energy Transmission Ltd
1076,Shiha Energy Transmission Ltd.
1077,Sierra Production Company
1078,"Silver Square Capital, LLC"
1079,Silverhill Ltd.
1080,Simba Industries Transload Ltd
1081,Simba Transload Ltd.
1082,Sinclair Oil Corporation
1083,Sinopec USA Inc.
1084,Sithe Independence Power Partners LP
1085,Sixpoints Shipping Company Ltd.
1086,Socar Trading (Canada) Ltd
1087,Societe Generale Energy Corp.
1088,Societe Generale Energy Inc.
1089,Societe Generale Energy LLC
1090,Société En Commandité Énergie Windmill DREAM Québec Inc.
1091,Société En Commandité Énergie Windmill DREAN Québec Inc. (now Commandité gestion energy Windmill Dream Québec Inc.)
1092,"Société en commandite Gaz Métro (On behalf of Gaz Métro, inc.)"
1093,"Société en commandite Gaz Métro, agissant par son associé commandité Gas Métro inc."
1094,SocïVolta Inc.
1095,Souris Valley Pipeline Limited
1096,"SouthStar Energy Services, LLC"
1097,Southern California Gas Company
1098,"Southern Connecticut Gas Company, The"
1099,Southern Pacific Resource Corp.
1100,"Southwest Energy, L.P."
1101,Spark Energy Canada Corporation
1102,"Spark Energy Gas, LLC"
1103,"Spark Energy Gas, LP dba Associated Energy Services"
1104,Spectra Energy Empress L.P.
1105,Spectra Energy Empress LP
1106,Spectra Energy Empress Management Inc.
1107,Spectra Energy Empress Management Inc. (Formerly Duke Energy Empresss Manangement Inc.)
1108,Spectra Energy Empress Management Inc. as general partner of Spectra Energy Empress L.P.
1109,Spectra Energy Midstream Canada L.P.
1110,Spectra Energy Midstream Canada Partner Corporation
1111,"Split Rock Energy LLC (""SRE"")"
1112,"Spotlight Energy, LLC"
1113,Sprague Energy Corp
1114,Sprague Operating Resources LLC formerly Sprague Energy Corp
1115,Spur Border Pipelines Limited
1116,Spur Resources Ltd
1117,Spyglass Resources Corp.
1118,St. Clair Management Corporation
1119,St. Clair Pipelines Ltd
1120,St. Clair Pipelines Management Inc.
1121,St. Lawrence Gas Company Inc.
1122,St. Paul Park Refining Co. LLC
1123,Star Oil & Gas Ltd.
1124,"Star Tank Lines, Inc."
1125,State Resources Investment Corporation
1126,Statoil Canada Ltd.
1127,Statoil Marketing & Trading (US) Inc
1128,StatoilHydro Canada Ltd
1129,Steel Reef Pipelines Canada Corp.
1130,Steelhead LNG (A) Inc.
1131,Steelhead LNG (B) Inc
1132,Steelhead LNG (C) Inc.
1133,Steelhead LNG (D) Inc.
1134,Steelhead LNG (E) Inc.
1135,Steppe Petroleum Inc
1136,Steppe Petroleum Inc.
1137,Stittco Energy Limited
1138,Stolt LNGaz Inc.
1139,Strategic Oil & Gas Ltd.
1140,Strategic Transmission Ltd.
1141,"Suez Energy Marketing NA, Inc. (formerly Tractebel Energy Marketing, Inc.)"
1142,Suez Marketing LLC
1143,Sumas Energy  Inc
1144,Summitt Energy Management Inc.
1145,Suncor Energy Inc
1146,Suncor Energy Inc.
1147,"Suncor Energy Inc., for and on behalf of Suncor Energy Products Partnership"
1148,Suncor Energy Marketing Inc
1149,Suncor Energy Marketing Inc.
1150,Suncor Energy Marketing Inc./Suncor Energy Inc.
1151,Suncor Energy Products Inc
1152,Suncor Energy Products Partnership Inc
1153,"Suncor Energy Products Partnership, a general partnership by its partner, Suncor Energy Products Inc."
1154,"Suncor Energy Products Partnership, as a general partnership by its partner, Suncor Energy Products Inc."
1155,Suncor Energy USA Inc
1156,Sunoco Inc R and M
1157,Sunoco Logistics Partners Operations GP LLC on behalf of Sunoco Pipeline LP
1158,"Sunoco Partners Marketing & Terminals, L.P."
1159,Sunoco Pipeline L.P.
1160,Sunshine Wave Investment Inc.
1161,Sunwest Canada Energy Limited
1162,Sunwest Energy Corp.
1163,Sunwest Environmental Corporation
1164,Superior Crude Trading Company
1165,Superior Gas Liquids
1166,"Superior Gas Liquids, a division of Superior Gas Liquids Partnership"
1167,"Superior General Partner Inc., on behalf of Superior Plus LP"
1168,Superior Plus Energy Services Inc.
1169,Superior Plus L P
1170,Superior Plus LP Operating as Superior Gas Liquids
1171,"Susquehanna Energy Products, LLC (changed name to SIG Holding LLC)"
1172,Sword Energy Limited
1173,Synergy Liquids LLC
1174,TAQA NORTH Ltd.
1175,TAQA NORTH by its managing partner TAQA NORTH Ltd.
1176,TAQA North Ltd.
1177,"TC Ravenswood, LLC"
1178,TCF Holding AG
1179,TEC Energy Inc.
1180,TEML Westspur Pipelines Limited
1181,THRIWING CAPITAL CORP.
1182,"TOTAL Gas & Power North America, Inc."
1183,"TXPC, LLC"
1184,"Talen Energy Marketing, LLC"
1185,Talisman Energy Inc
1186,Talisman Energy Inc.
1187,Talisman Energy Inc. on behalf of Talisman Energy Canada
1188,Tamarack Acquisition Corp.
1189,Taqa North Ltd
1190,"Targa Canada Liquids, Inc."
1191,Targa Downstream LP
1192,Targa Liquids Marketing and Trade
1193,Targa Resources Inc
1194,Targa Transport LLC
1195,Targray Americas Inc.
1196,Taurus Exploration Canada Ltd.
1197,Teck Canadian Energy Sales Limited
1198,Teck Cominco Metals Ltd. (changed name to Teck Metals Ltd.)
1199,Teck Metals Ltd. (formerly Teck Cominco Metals Ltd.)
1200,Tenaska Marketing Canada
1201,"Tenaska Marketing Canada, a division of Tenaska Marketing Ventures Corp."
1202,Tenaska Power Canada
1203,Tennessee Gas Pipeline Company
1204,Terasen Gas Inc (Changed name to FortisBC Energy Inc)
1205,Terasen Gas Inc.
1206,Terasen Huntingdon Inc.
1207,Terasen Pipelines (Trans Mountain) Inc. (Name changed to Trans Mountain Pipeline Inc.)
1208,Terra Energy Corp.
1209,Tervita Corporation
1210,Tervita LLC
1211,Tesoro Canada Supply and Distribution
1212,Tesoro Canada Supply and Distribution Ltd
1213,TexPar Energy LLC
1214,Texadian Energy Canada Limited
1215,Texas Liquids Partners LLC
1216,Texas Power GP LLC (changed name to J.P. Morgan Commodities Canada Corporation
1217,Texon Canada ULC
1218,The Queen in Right of the Province of New Brunswick
1219,The Redwood Group LLC
1220,Thompson Mitchell Ironworks
1221,Tidal Energy Marketing Inc
1222,Tidal Energy Marketing Inc.
1223,Tidal Energy Marketing US LLC
1224,Tidewater Midstream and Infrastructure Ltd
1225,Tidewater Midstream and Infrastructure Ltd.
1226,Titan Gas LLC
1227,Toledo Refining Company LLC
1228,Tombstone Energy Solutions Ltd.
1229,"Tombstone Energy Solutions, LP"
1230,Top Speed Energy BC Corp
1231,"Total Trading and Maketing Canada LP, by its general partner Total Canada Limited"
1232,Total Trading and Marketing Canada LP
1233,Tourmaline Oil Corp
1234,"Tracel Energy Marketing Inc., on behalf of Tracel Energy Marketing Limited Partnership"
1235,Trading and Transportation Management LLC
1236,Trafigura A.G.
1237,Trafigura AG
1238,Trafigura Canada General Partnership
1239,Trafigura Canada General Partnership by its Managing Partner Trafigura Marketing Ltd
1240,Trafigura Trading LLC
1241,TrailStone Power LLC
1242,"TranAsia Global LNG, LLC"
1243,Trans Mountain Pipe Line Company Ltd (Name changed to Trans Mountain Pipeline Inc.)
1244,Trans Mountain Pipe Line Company Ltd. (Name changed to Trans Mountain Pipeline Inc.)
1245,Trans Mountain Pipeline Inc.
1246,Trans Mountain Pipeline ULC
1247,Trans Québec & Maritimes Pipeline Inc
1248,Trans-Northern Pipelines Inc
1249,Trans-Northern Pipelines Inc.
1250,TransAlta Energy Marketing Corp.
1251,TransCanada Energy Ltd
1252,TransCanada Energy Ltd.
1253,TransCanada Energy Marketing Ltd (formerly TransCanada Energy Ltd)
1254,TransCanada Energy Marketing ULC (formerly TransCanada Energy Marketing Ltd)
1255,TransCanada Energy Sales Ltd.
1256,"TransCanada Gas Storage USA, Inc."
1257,TransCanada Keystone Pipeline GP Ltd.
1258,TransCanada Liquids Marketing Ltd
1259,TransCanada PipeLines Limited
1260,TransCanada PipeLines Limited B.C. System
1261,TransCanada Power Corp
1262,"TransCanada Power Marketing Inc. ""TCPM"""
1263,TransCanada Power Marketing Ltd.
1264,TransGas Limited
1265,TransMontaigne Product Services Inc.
1266,Transmontaigne Marketing Canada Inc.
1267,Travlan Energy LLC
1268,Triton LNG Limited Partnership
1269,True Energy Inc
1270,True Energy Inc.
1271,True North Energy Corporation
1272,Tundra Energy Marketing Limited
1273,Tundra Oil & Gas Limited
1274,Tundra Oil & Gas Limited on behalf of Tundra Oil & Gas Partnership
1275,Tundra Oil & Gas Partnership
1276,Twin Cities Power - Canada ULC
1277,"Twin Cities Power - Canada, Ltd."
1278,Twin Eagle Crude and Leasehold Gathering LLC
1279,Twin Eagle Midstream Assets LLC
1280,Twin Eagle Resource Management Canada LLC
1281,"Twin Eagle Resource Management Canada, LLC"
1282,"Twin Eagle Resource Management, LLC"
1283,Twin Rivers Paper Company Inc
1284,Twin Rivers Paper Company Inc.
1285,"U.S. Gas & Electric, Inc."
1286,UBS AG
1287,UBS Warburg Energy Canada Ltd.
1288,UET CanaRail ULC
1289,"UET CanaRail, ULC"
1290,UGI Energy Services LLC
1291,US Oil & Refining Co
1292,US Oil Co Inc
1293,US Oil Trading LLC
1294,US Venture Inc.
1295,USD Marketing LLC
1296,"USGen New England, Inc."
1297,Ultramar Ltd
1298,Union Gas Limited
1299,Union Import Export
1300,Unipec America Inc
1301,Uniper Global Commodities North America LLC
1302,Uniper Trading Canada Ltd.
1303,United Energy Trading Canada ULC
1304,"United Energy Trading Canada, ULC"
1305,United Liquid Gas Company dba United Pacific Energy
1306,United Refining Company
1307,United States Gypsum Company
1308,Utexam Limited
1309,V.P. Morgan Trading & Transportation Management
1310,Valero Marketing And Supply Company
1311,Vantage Pipeline Canada ULC
1312,Vault Energy Inc.
1313,Vector Pipeline Limited Partnership
1314,Venturion Oil Limited
1315,Veresen Energy Infrastructure Inc
1316,Veresen Energy Infrastructure Inc.
1317,Veresen Energy Pipeline Inc.
1318,Veresen NGL Pipeline Inc.
1319,Vermilion Energy Inc
1320,Vermilion Energy Inc.
1321,Vermont Gas Systems Inc
1322,Vista Energy Marketing LP
1323,Vitol Inc
1324,Vitol Inc.
1325,WCC LNG Ltd.
1326,"WPS Canada Generation, Inc."
1327,"WPS Energy Services, Inc. (name change to Integrys Energy Services, Inc.)"
1328,"WPX Energy Marketing, LLC"
1329,Warner Petroleum Corporation
1330,WesPac Midstream-Vancouver LLC
1331,West Oaks Energy NY-NE LP
1332,Westcoast Energy Inc.
1333,Westcoast Gas Services Inc.
1334,Western Alliance Tubulars Ltd.
1335,Western Gas Marketing Limited
1336,Western Petroleum Company
1337,Westover Express Pipeline Limited
1338,White Arrow Service Stations
1339,"White Mountain Oil Co., Inc."
1340,Whitecap Resources Inc.
1341,Wild Stream Exploration Inc.
1342,"Williams Energy (Canada) Pipeline, Inc."
1343,"Williams Energy (Canada), Inc."
1344,Williams Energy Canada ULC
1345,"Williams Energy Marketing & Trading Canada, Inc."
1346,Williams Gas Marketing Inc
1347,Williams Horizon Offgas ULC
1348,"Williston Hunter Canada, Inc."
1349,Windmill Green Fund LP V
1350,Windsor Detroit Borderlink Limited
1351,Windsor Storage Faculity Joint Venture
1352,Windstar LPG Inc
1353,Wisconsin Public Service Corporation
1354,Woodfibre LNG Export Pte. Ltd.
1355,Woodside Energy Holdings Pty Ltd.
1356,World Fuel Services Canada Inc
1357,World Fuel Services Canada ULC
1358,"World Fuel Services, Inc."
1359,Xpress Natural Gas LLC
1360,Yankee Gas Services Company
1361,Yoho Resources Inc
1362,Yoho Resources Inc.
1363,Young YZ International Holding LTD.
1364,Yudinn Energy Inc.
1365,Yukon Pipelines Limited
1366,rich together asset management ltd
1367,ÉNERGIE VALERO INC.
